{"fit_seconds": 0.08278, "predict_seconds": 0.011968}