{"fit_seconds": 0.083806, "predict_seconds": 0.010969}