{"fit_seconds": 0.154586, "predict_seconds": 0.010971}