{"fit_seconds": 0.152203, "predict_seconds": 0.014959}