{"fit_seconds": 0.158607, "predict_seconds": 0.019148}