{"fit_seconds": 0.083429, "predict_seconds": 0.011968}