{"fit_seconds": 0.159603, "predict_seconds": 0.010972}