{"fit_seconds": 0.150596, "predict_seconds": 0.01197}