{"fit_seconds": 0.083748, "predict_seconds": 0.010999}