{"fit_seconds": 0.083807, "predict_seconds": 0.011383}