{"fit_seconds": 0.162168, "predict_seconds": 0.010971}