{"fit_seconds": 0.161568, "predict_seconds": 0.014961}