{"fit_seconds": 0.08384, "predict_seconds": 0.011968}