{"fit_seconds": 0.155093, "predict_seconds": 0.019946}