{"fit_seconds": 0.160572, "predict_seconds": 0.017951}