{"fit_seconds": 0.158586, "predict_seconds": 0.012934}