{"fit_seconds": 0.083089, "predict_seconds": 0.011688}