{"fit_seconds": 0.082814, "predict_seconds": 0.011965}