{"fit_seconds": 0.150087, "predict_seconds": 0.011966}