{"fit_seconds": 0.083775, "predict_seconds": 0.011969}