{"fit_seconds": 0.15059, "predict_seconds": 0.011968}