{"fit_seconds": 0.081812, "predict_seconds": 0.011968}