{"fit_seconds": 0.081809, "predict_seconds": 0.011578}