{"fit_seconds": 0.274327, "predict_seconds": 0.011939}