{"fit_seconds": 0.083287, "predict_seconds": 0.011966}