{"fit_seconds": 0.152625, "predict_seconds": 0.011939}