{"fit_seconds": 0.161598, "predict_seconds": 0.019948}