{"fit_seconds": 0.083926, "predict_seconds": 0.01097}