{"fit_seconds": 0.083286, "predict_seconds": 0.01097}