{"fit_seconds": 0.160104, "predict_seconds": 0.017952}