{"fit_seconds": 0.162571, "predict_seconds": 0.01646}