{"fit_seconds": 0.083799, "predict_seconds": 0.010977}