{"fit_seconds": 0.083805, "predict_seconds": 0.01194}