{"fit_seconds": 0.156572, "predict_seconds": 0.011969}