{"fit_seconds": 0.083781, "predict_seconds": 0.011007}