{"fit_seconds": 0.151564, "predict_seconds": 0.01496}