{"fit_seconds": 0.150597, "predict_seconds": 0.016955}