{"fit_seconds": 0.083372, "predict_seconds": 0.010971}