{"fit_seconds": 0.155121, "predict_seconds": 0.011967}