{"fit_seconds": 7.977918, "predict_seconds": 0.628564}