{"fit_seconds": 8.994844, "predict_seconds": 0.908551}