{"fit_seconds": 8.351014, "predict_seconds": 0.646917}