{"fit_seconds": 9.177441, "predict_seconds": 0.969689}