{"fit_seconds": 8.949412, "predict_seconds": 0.918718}