{"fit_seconds": 8.624742, "predict_seconds": 0.651257}