{"fit_seconds": 8.270694, "predict_seconds": 0.659792}