{"fit_seconds": 9.284174, "predict_seconds": 0.905919}