{"fit_seconds": 8.321617, "predict_seconds": 0.62727}