{"fit_seconds": 9.315878, "predict_seconds": 0.885444}