{"fit_seconds": 9.094161, "predict_seconds": 0.993324}