{"fit_seconds": 8.358499, "predict_seconds": 0.633272}