{"fit_seconds": 9.510844, "predict_seconds": 0.973591}