{"fit_seconds": 9.115022, "predict_seconds": 0.899714}