{"fit_seconds": 8.141855, "predict_seconds": 0.626032}