{"fit_seconds": 8.323835, "predict_seconds": 0.631279}