{"fit_seconds": 9.108846, "predict_seconds": 0.897998}