{"fit_seconds": 8.043451, "predict_seconds": 0.636964}