{"fit_seconds": 9.144294, "predict_seconds": 1.017036}