{"fit_seconds": 9.635484, "predict_seconds": 1.040149}