{"fit_seconds": 8.165121, "predict_seconds": 0.629311}