{"fit_seconds": 8.145997, "predict_seconds": 0.618105}