{"fit_seconds": 9.220854, "predict_seconds": 1.110996}