{"fit_seconds": 10.243171, "predict_seconds": 1.061797}