{"fit_seconds": 8.192287, "predict_seconds": 0.628353}