{"fit_seconds": 8.220344, "predict_seconds": 0.628599}