{"fit_seconds": 9.654937, "predict_seconds": 0.95818}