{"fit_seconds": 8.242368, "predict_seconds": 0.644453}