{"fit_seconds": 9.881041, "predict_seconds": 1.018219}