{"fit_seconds": 9.666573, "predict_seconds": 0.909903}