{"fit_seconds": 8.474952, "predict_seconds": 0.629954}