{"fit_seconds": 9.521773, "predict_seconds": 1.019004}