{"fit_seconds": 8.056852, "predict_seconds": 0.620518}