{"fit_seconds": 8.102011, "predict_seconds": 0.632321}