{"fit_seconds": 9.405087, "predict_seconds": 0.935966}