{"fit_seconds": 9.309239, "predict_seconds": 0.934206}