{"fit_seconds": 8.440004, "predict_seconds": 0.637357}