{"fit_seconds": 8.228172, "predict_seconds": 0.624544}