{"fit_seconds": 8.272222, "predict_seconds": 0.635096}