{"fit_seconds": 9.518536, "predict_seconds": 0.913194}