{"fit_seconds": 8.111276, "predict_seconds": 0.631774}