{"fit_seconds": 9.358435, "predict_seconds": 0.972917}