{"fit_seconds": 8.985422, "predict_seconds": 0.923677}