{"fit_seconds": 8.037383, "predict_seconds": 0.645348}