{"fit_seconds": 8.164349, "predict_seconds": 0.630772}