{"fit_seconds": 9.08558, "predict_seconds": 0.905003}