{"fit_seconds": 8.458354, "predict_seconds": 0.792879}