{"fit_seconds": 8.899238, "predict_seconds": 0.894988}