{"fit_seconds": 0.150601, "predict_seconds": 0.014958}