{"fit_seconds": 0.07882, "predict_seconds": 0.011969}