{"fit_seconds": 0.154186, "predict_seconds": 0.011938}