{"fit_seconds": 0.158577, "predict_seconds": 0.01097}