{"fit_seconds": 0.083776, "predict_seconds": 0.010971}