{"fit_seconds": 0.158957, "predict_seconds": 0.019916}