{"fit_seconds": 0.09924, "predict_seconds": 0.011969}