{"fit_seconds": 0.151603, "predict_seconds": 0.014959}