{"fit_seconds": 0.08331, "predict_seconds": 0.010979}