{"fit_seconds": 0.150697, "predict_seconds": 0.010971}