{"fit_seconds": 0.082807, "predict_seconds": 0.011969}