{"fit_seconds": 0.157579, "predict_seconds": 0.011995}