{"fit_seconds": 0.152624, "predict_seconds": 0.020943}