{"fit_seconds": 0.171264, "predict_seconds": 0.011968}