{"fit_seconds": 0.08314, "predict_seconds": 0.010648}