{"fit_seconds": 0.082809, "predict_seconds": 0.011968}