{"fit_seconds": 0.085773, "predict_seconds": 0.011968}