{"fit_seconds": 0.152628, "predict_seconds": 0.015958}