{"fit_seconds": 0.161075, "predict_seconds": 0.017952}