{"fit_seconds": 0.083646, "predict_seconds": 0.011476}