{"fit_seconds": 0.147636, "predict_seconds": 0.011968}