{"fit_seconds": 0.158604, "predict_seconds": 0.02092}