{"fit_seconds": 14.780054, "predict_seconds": 0.121676}