{"fit_seconds": 31.277358, "predict_seconds": 0.045906}