{"fit_seconds": 13.406217, "predict_seconds": 0.05286}