{"fit_seconds": 29.233861, "predict_seconds": 0.034908}