{"fit_seconds": 23.785867, "predict_seconds": 0.032912}