{"fit_seconds": 11.423123, "predict_seconds": 0.009974}