{"fit_seconds": 32.695673, "predict_seconds": 0.240893}