{"fit_seconds": 12.75047, "predict_seconds": 0.022939}