{"fit_seconds": 12.57803, "predict_seconds": 0.069353}