{"fit_seconds": 12.539088, "predict_seconds": 0.046902}