{"fit_seconds": 26.529744, "predict_seconds": 0.218388}