{"fit_seconds": 12.234833, "predict_seconds": 0.051852}