{"fit_seconds": 27.591413, "predict_seconds": 0.010999}