{"fit_seconds": 35.485165, "predict_seconds": 0.014961}