{"fit_seconds": 12.532739, "predict_seconds": 0.054886}