{"fit_seconds": 13.192877, "predict_seconds": 0.095861}