{"fit_seconds": 32.048664, "predict_seconds": 0.016982}