{"fit_seconds": 29.411377, "predict_seconds": 0.019949}