{"fit_seconds": 11.142235, "predict_seconds": 0.072775}