{"fit_seconds": 28.152713, "predict_seconds": 0.051862}