{"fit_seconds": 11.608927, "predict_seconds": 0.004987}