{"fit_seconds": 11.087352, "predict_seconds": 0.01795}