{"fit_seconds": 43.233355, "predict_seconds": 0.137632}