{"fit_seconds": 25.667389, "predict_seconds": 0.215423}