{"fit_seconds": 11.783488, "predict_seconds": 0.010972}