{"fit_seconds": 16.780843, "predict_seconds": 0.054858}