{"fit_seconds": 26.945913, "predict_seconds": 0.023936}