{"fit_seconds": 12.915455, "predict_seconds": 0.016955}