{"fit_seconds": 14.089281, "predict_seconds": 0.087765}