{"fit_seconds": 0.083754, "predict_seconds": 0.011967}