{"fit_seconds": 0.155585, "predict_seconds": 0.011968}