{"fit_seconds": 0.081783, "predict_seconds": 0.011966}