{"fit_seconds": 0.083804, "predict_seconds": 0.011968}