{"fit_seconds": 0.150602, "predict_seconds": 0.019947}