{"fit_seconds": 0.082489, "predict_seconds": 0.011967}