{"fit_seconds": 0.083777, "predict_seconds": 0.010969}