{"fit_seconds": 0.151626, "predict_seconds": 0.020915}