{"fit_seconds": 0.150625, "predict_seconds": 0.017923}