{"fit_seconds": 0.150131, "predict_seconds": 0.010972}