{"fit_seconds": 0.081814, "predict_seconds": 0.010971}