{"fit_seconds": 0.151659, "predict_seconds": 0.015957}