{"fit_seconds": 0.151593, "predict_seconds": 0.011968}