{"fit_seconds": 0.156095, "predict_seconds": 0.011968}