{"fit_seconds": 0.083778, "predict_seconds": 0.011995}