{"fit_seconds": 0.083316, "predict_seconds": 0.011968}