{"fit_seconds": 0.084231, "predict_seconds": 0.011971}