{"fit_seconds": 0.15855, "predict_seconds": 0.013109}