{"fit_seconds": 0.152592, "predict_seconds": 0.015957}