{"fit_seconds": 0.084774, "predict_seconds": 0.011967}