{"fit_seconds": 26.146308, "predict_seconds": 0.015957}