{"fit_seconds": 11.799602, "predict_seconds": 0.01496}