{"fit_seconds": 33.97733, "predict_seconds": 0.229417}