{"fit_seconds": 12.584277, "predict_seconds": 0.045877}