{"fit_seconds": 34.299766, "predict_seconds": 0.212459}