{"fit_seconds": 13.606841, "predict_seconds": 0.02992}