{"fit_seconds": 14.527661, "predict_seconds": 0.084282}