{"fit_seconds": 26.727408, "predict_seconds": 0.00994}