{"fit_seconds": 14.433241, "predict_seconds": 0.01798}