{"fit_seconds": 33.563382, "predict_seconds": 0.022937}