{"fit_seconds": 29.33031, "predict_seconds": 0.010942}