{"fit_seconds": 12.573151, "predict_seconds": 0.034906}