{"fit_seconds": 13.046992, "predict_seconds": 0.053855}