{"fit_seconds": 13.695142, "predict_seconds": 0.007009}