{"fit_seconds": 28.984889, "predict_seconds": 0.017951}