{"fit_seconds": 13.08066, "predict_seconds": 0.012964}