{"fit_seconds": 31.312134, "predict_seconds": 0.406888}