{"fit_seconds": 12.117905, "predict_seconds": 0.023965}