{"fit_seconds": 13.555889, "predict_seconds": 0.190485}