{"fit_seconds": 13.335686, "predict_seconds": 0.065857}