{"fit_seconds": 28.641929, "predict_seconds": 0.019941}