{"fit_seconds": 28.895145, "predict_seconds": 0.013961}