{"fit_seconds": 14.880231, "predict_seconds": 0.026901}