{"fit_seconds": 33.133116, "predict_seconds": 0.007951}