{"fit_seconds": 36.446961, "predict_seconds": 0.50859}