{"fit_seconds": 16.576983, "predict_seconds": 0.062641}