{"fit_seconds": 11.451088, "predict_seconds": 0.020972}