{"fit_seconds": 28.004345, "predict_seconds": 0.014956}