{"fit_seconds": 11.607491, "predict_seconds": 0.045904}