{"fit_seconds": 26.132313, "predict_seconds": 0.017726}