{"fit_seconds": 13.856563, "predict_seconds": 0.060153}