{"fit_seconds": 28.204161, "predict_seconds": 0.008005}