{"fit_seconds": 14.781777, "predict_seconds": 0.023935}