{"fit_seconds": 12.076894, "predict_seconds": 0.023969}