{"fit_seconds": 29.513555, "predict_seconds": 0.186088}