{"fit_seconds": 13.550459, "predict_seconds": 0.011969}