{"fit_seconds": 15.431163, "predict_seconds": 0.067116}