{"fit_seconds": 35.149912, "predict_seconds": 0.239926}