{"fit_seconds": 23.430073, "predict_seconds": 0.044915}