{"fit_seconds": 12.544715, "predict_seconds": 0.023963}