{"fit_seconds": 28.960415, "predict_seconds": 0.02194}