{"fit_seconds": 39.880681, "predict_seconds": 0.023964}