{"fit_seconds": 13.827026, "predict_seconds": 0.043914}