{"fit_seconds": 8.020975, "predict_seconds": 0.627776}