{"fit_seconds": 9.324833, "predict_seconds": 0.918736}