{"fit_seconds": 8.126103, "predict_seconds": 0.626741}