{"fit_seconds": 9.080377, "predict_seconds": 0.89164}