{"fit_seconds": 9.162119, "predict_seconds": 0.924531}