{"fit_seconds": 8.243473, "predict_seconds": 0.628805}