{"fit_seconds": 10.269662, "predict_seconds": 0.894669}