{"fit_seconds": 8.106504, "predict_seconds": 0.621537}