{"fit_seconds": 8.015981, "predict_seconds": 0.686299}