{"fit_seconds": 9.026107, "predict_seconds": 0.947968}