{"fit_seconds": 9.129361, "predict_seconds": 0.990855}