{"fit_seconds": 7.820353, "predict_seconds": 0.617477}