{"fit_seconds": 8.128669, "predict_seconds": 0.621978}