{"fit_seconds": 10.08016, "predict_seconds": 0.98024}