{"fit_seconds": 8.21064, "predict_seconds": 0.626232}