{"fit_seconds": 10.049851, "predict_seconds": 0.930648}