{"fit_seconds": 8.412093, "predict_seconds": 0.650869}