{"fit_seconds": 8.392817, "predict_seconds": 0.669698}