{"fit_seconds": 9.275906, "predict_seconds": 1.084178}