{"fit_seconds": 9.091742, "predict_seconds": 0.961579}