{"fit_seconds": 8.413519, "predict_seconds": 0.624809}