{"fit_seconds": 8.227142, "predict_seconds": 0.630475}