{"fit_seconds": 9.411927, "predict_seconds": 1.067126}