{"fit_seconds": 9.286477, "predict_seconds": 0.932142}