{"fit_seconds": 8.213089, "predict_seconds": 0.620973}