{"fit_seconds": 8.383341, "predict_seconds": 0.644818}