{"fit_seconds": 9.310683, "predict_seconds": 0.905002}