{"fit_seconds": 9.023976, "predict_seconds": 0.921009}