{"fit_seconds": 8.343567, "predict_seconds": 0.635849}