{"fit_seconds": 8.441732, "predict_seconds": 0.672656}