{"fit_seconds": 8.259096, "predict_seconds": 0.640309}