{"fit_seconds": 9.444955, "predict_seconds": 0.990937}