{"fit_seconds": 8.286226, "predict_seconds": 0.618659}