{"fit_seconds": 9.145795, "predict_seconds": 0.913623}