{"fit_seconds": 8.012214, "predict_seconds": 0.627843}