{"fit_seconds": 9.109002, "predict_seconds": 0.913247}