{"fit_seconds": 8.155115, "predict_seconds": 0.636301}