{"fit_seconds": 9.202459, "predict_seconds": 0.945529}