{"fit_seconds": 8.268108, "predict_seconds": 0.654106}