{"fit_seconds": 10.57779, "predict_seconds": 1.209439}