{"fit_seconds": 8.08581, "predict_seconds": 0.623347}