{"fit_seconds": 9.915138, "predict_seconds": 0.944933}