{"fit_seconds": 9.029461, "predict_seconds": 0.985605}