{"fit_seconds": 8.41145, "predict_seconds": 0.630915}