{"fit_seconds": 9.201926, "predict_seconds": 0.92815}