{"fit_seconds": 8.344387, "predict_seconds": 0.627401}