{"fit_seconds": 8.679549, "predict_seconds": 0.63732}