{"fit_seconds": 9.341617, "predict_seconds": 0.978973}