{"fit_seconds": 23.743773, "predict_seconds": 0.19223}