{"fit_seconds": 12.054384, "predict_seconds": 0.052111}