{"fit_seconds": 13.511395, "predict_seconds": 0.055851}