{"fit_seconds": 12.73581, "predict_seconds": 0.054881}