{"fit_seconds": 12.918981, "predict_seconds": 0.045875}