{"fit_seconds": 15.72097, "predict_seconds": 0.056848}