{"fit_seconds": 12.482804, "predict_seconds": 0.217419}