{"fit_seconds": 12.378352, "predict_seconds": 0.031915}