{"fit_seconds": 31.130795, "predict_seconds": 0.206044}