{"fit_seconds": 0.158574, "predict_seconds": 0.011968}