{"fit_seconds": 0.085775, "predict_seconds": 0.011941}