{"fit_seconds": 0.083572, "predict_seconds": 0.011969}