{"fit_seconds": 0.156585, "predict_seconds": 0.012964}