{"fit_seconds": 0.081784, "predict_seconds": 0.010968}