{"fit_seconds": 0.148786, "predict_seconds": 0.011786}