{"fit_seconds": 0.152563, "predict_seconds": 0.011967}