{"fit_seconds": 0.081816, "predict_seconds": 0.011969}