{"fit_seconds": 0.15858, "predict_seconds": 0.017952}