{"fit_seconds": 0.083749, "predict_seconds": 0.012626}