{"fit_seconds": 0.151632, "predict_seconds": 0.015957}