{"fit_seconds": 0.084007, "predict_seconds": 0.011967}