{"fit_seconds": 0.26729, "predict_seconds": 0.017981}