{"fit_seconds": 0.159576, "predict_seconds": 0.017919}