{"fit_seconds": 0.084783, "predict_seconds": 0.011969}