{"fit_seconds": 0.155092, "predict_seconds": 0.014472}