{"fit_seconds": 0.082836, "predict_seconds": 0.011942}