{"fit_seconds": 0.160544, "predict_seconds": 0.01795}