{"fit_seconds": 0.082778, "predict_seconds": 0.011996}