{"fit_seconds": 0.084749, "predict_seconds": 0.010972}