{"fit_seconds": 0.154589, "predict_seconds": 0.01496}