{"fit_seconds": 0.082447, "predict_seconds": 0.011969}