{"fit_seconds": 0.158547, "predict_seconds": 0.016954}