{"fit_seconds": 0.160571, "predict_seconds": 0.019946}