{"fit_seconds": 0.155616, "predict_seconds": 0.014958}