{"fit_seconds": 0.083842, "predict_seconds": 0.011967}