{"fit_seconds": 0.152593, "predict_seconds": 0.011999}