{"fit_seconds": 0.082838, "predict_seconds": 0.010971}