{"fit_seconds": 0.151729, "predict_seconds": 0.020944}