{"fit_seconds": 0.083808, "predict_seconds": 0.011963}