{"fit_seconds": 0.157121, "predict_seconds": 0.01097}