{"fit_seconds": 0.083704, "predict_seconds": 0.010969}