{"fit_seconds": 0.149656, "predict_seconds": 0.017926}