{"fit_seconds": 0.082781, "predict_seconds": 0.012186}