{"fit_seconds": 0.160634, "predict_seconds": 0.016931}