{"fit_seconds": 0.153097, "predict_seconds": 0.012001}