{"fit_seconds": 0.082806, "predict_seconds": 0.010973}