{"fit_seconds": 0.151625, "predict_seconds": 0.020973}