{"fit_seconds": 0.082758, "predict_seconds": 0.010968}