{"fit_seconds": 0.152161, "predict_seconds": 0.019945}