{"fit_seconds": 0.081718, "predict_seconds": 0.011969}