{"fit_seconds": 0.153186, "predict_seconds": 0.013931}