{"fit_seconds": 0.084136, "predict_seconds": 0.010972}