{"fit_seconds": 0.082808, "predict_seconds": 0.011966}