{"fit_seconds": 0.082343, "predict_seconds": 0.011968}