{"fit_seconds": 0.27433, "predict_seconds": 0.011969}