{"fit_seconds": 0.150567, "predict_seconds": 0.01895}