{"fit_seconds": 0.156554, "predict_seconds": 0.012964}