{"fit_seconds": 0.085279, "predict_seconds": 0.011968}